177,33,42,51,135,1
30,16,8,15,52,1
659,295,351,411,785,1
12699,3822,2983,2265,4047,1
1138,431,522,657,1799,1
75935,14781,10438,7103,10993,1
3,5,3,9,22,1
60658,18530,14761,11803,18695,1
2338,618,624,763,1339,1
49550,6778,4174,2872,3612,1
472,220,201,289,575,1
164,22,23,27,60,1
81182,13060,9414,5210,9368,1
180,54,51,37,69,1
23495,5323,3829,2788,4301,1
575,138,175,169,344,1
525,145,151,146,379,1
10349,3339,2595,2174,3880,1
1269,436,388,357,767,1
72537,21136,17552,17920,29890,1
824,355,356,422,973,1
3052,776,505,460,794,1
34083,11131,9552,7642,15402,1
3561,877,751,694,1085,1
25321,6212,5028,4889,8321,1
60,11,23,20,37,1
16377,5606,4212,3545,6297,1
449231,112248,63705,37084,43219,1
152,53,70,79,209,1
254524,42849,23991,15723,19591,1
284,48,51,58,102,1
2612,639,618,595,1001,1
85,17,26,22,72,1
91,34,24,35,107,1
306,132,97,132,246,1
40450,8488,5889,4182,7060,1
0,0,1,0,0,1
7061,2578,2360,2336,3971,1
0,0,0,0,0,1
2641,526,390,291,493,1
972,298,335,393,1009,1
0,0,0,1,1,1
531,233,185,241,400,1
37,15,4,8,46,1
161,50,29,27,69,1
136,26,21,24,67,1
60828,10450,5806,4161,4686,1
13714,3422,2551,1879,3387,1
10715,2734,2188,1643,2325,1
40692,13483,11376,7554,10580,1
206,62,62,80,194,1
102,27,41,31,99,1
997,337,294,322,625,1
235,115,135,142,358,1
237,126,161,149,364,1
345,123,109,101,194,1
1,0,3,3,17,1
3411,1342,1180,1079,1775,1
1593,566,460,358,463,1
1821,530,382,340,624,1
108518,17744,4947,2292,4145,1
47080,14665,10635,7662,11983,1
0,0,0,0,0,1
0,0,0,0,0,1
35,6,21,10,20,1
42979,10992,6615,4526,6364,1
8253,2601,1715,1165,1490,1
67,27,52,81,198,1
2,3,2,7,17,1
2740,627,712,764,1596,1
619,171,213,228,535,1
20746,1380,1203,876,1592,1
26,18,13,26,55,1
497,113,106,89,139,1
0,0,0,0,0,1
11,2,2,7,13,1
683,158,166,194,466,1
4864,1267,1261,1266,2638,1
75,16,20,25,49,1
6127,2268,1333,860,1109,1
4903,1784,1764,1304,2268,1
12699,3822,2983,2265,4047,1
1798,609,412,339,729,1
15088,3686,1869,1357,1456,1
40,21,21,19,48,1
178,79,59,31,42,1
17263,5264,3164,2099,3111,1
66,32,24,19,96,1
2,9,9,12,37,1
7151,2257,1879,1636,2511,1
284,48,51,58,102,1
8,5,8,3,9,1
0,0,1,0,0,1
205,31,36,39,57,1
954,299,265,251,391,1
6839,1483,1325,879,1519,1
24,9,11,21,26,1
1771,465,407,350,547,1
78,13,15,18,54,1
586,253,237,182,283,1
1686,500,401,328,592,1
156470,41867,44322,41393,87910,1
11,0,2,3,11,1
19,8,5,8,13,1
257,68,54,67,110,1
23,3,3,1,9,1
0,0,0,0,0,1
480,122,107,107,188,1
355,105,85,113,199,1
443,123,117,159,225,1
484,142,142,135,252,1
390,77,85,74,142,1
218,26,25,33,76,1
1053,291,186,136,232,1
68,25,28,23,39,1
973,130,124,106,208,1
103337,27583,27487,16436,31156,1
1277,540,566,549,1085,1
12044,3743,2651,2075,3659,1
27513,8088,7173,5611,9887,1
54,17,27,22,68,1
5569,1746,1204,784,1271,1
318,109,95,96,236,1
8183,1591,1469,1414,2531,1
1005,156,128,136,292,1
2250,617,675,756,1648,1
6732,1570,1716,1716,2960,1
7297,2267,2003,1764,3403,1
25490,5517,4110,2853,4203,1
674,264,193,239,448,1
16427,5421,3905,2885,5143,1
4462,1274,1035,864,1349,1
2160,1169,1082,1016,1614,1
377,105,110,121,238,1
372,94,83,99,161,1
1622,401,422,412,767,1
2651,1053,1026,780,1212,1
1870,699,604,368,709,1
19280,2314,1206,1077,1690,1
1,0,0,1,1,1
2643,928,864,579,1131,1
27203,3929,2667,1657,3134,1
23407,4847,3696,2150,3044,1
6564,2244,1412,1059,1623,1
12897,2137,1450,736,1795,1
93,12,15,15,33,1
1081,210,213,228,408,1
221,35,47,46,100,1
2659,663,561,341,934,1
205,43,54,44,79,1
49,8,15,21,30,1
17,7,14,17,52,1
9857,3119,2057,2071,3679,1
2935,859,665,510,879,1
3686,1260,1116,1091,2231,1
11,3,7,6,19,1
20,8,7,12,29,1
2016,549,584,542,1067,1
489,88,121,105,191,1
741,237,197,213,456,1
3223,668,792,675,1329,1
213,96,111,122,245,1
7729,2797,2502,2556,5101,1
349,62,60,51,95,1
148,11,17,15,33,1
438,86,77,88,181,1
2,0,0,1,2,1
187,19,24,27,52,1
337762,47329,27920,19657,30960,1
3204,784,865,855,1862,1
1402,269,274,279,535,1
227,89,95,109,211,1
1665,490,438,477,844,1
1,1,0,0,0,1
12196,2825,2760,2145,3870,1
69,9,12,15,16,1
1347,645,531,537,1046,1
10154,2553,2235,1856,2930,1
722,191,218,230,543,1
1038,319,300,302,557,1
11,4,3,3,6,1
1736,709,550,554,1286,1
683,114,118,135,257,1
162,38,31,32,91,1
848,300,352,299,516,1
685,161,121,129,174,1
363,82,94,85,174,1
204,21,19,21,56,1
41,5,7,6,21,1
5701,1610,1301,1246,2125,1
612,105,123,96,184,1
52,13,12,9,27,1
59,12,15,18,47,1
5701,1610,1301,1246,2125,1
687,111,89,101,210,1
2079,649,584,439,784,1
299,96,65,84,168,1
1440,411,364,350,605,1
83,12,27,24,72,1
243,52,47,47,93,1
1580,483,541,577,1004,1
41,5,7,6,21,1
220,12,24,38,50,1
0,0,0,0,0,1
2074,573,467,470,922,1
2861,1245,552,218,293,1
13,2,4,5,3,1
26,8,10,10,27,1
316,97,104,96,195,1
897,127,117,127,251,1
317,91,71,70,150,1
843,234,212,196,394,1
287,108,108,107,190,1
163437,53214,44922,37446,58577,1
1261,421,398,433,692,1
8,2,1,4,3,1
126,34,24,27,60,1
856,217,187,188,364,1
282,54,51,59,143,1
355,111,129,105,224,1
574,176,145,145,252,1
367,147,134,128,209,1
64517,19096,15711,14561,27567,1
439,124,66,100,128,1
477,87,90,112,170,1
162,38,31,32,91,1
140269,26253,8361,5672,7027,1
332,103,102,100,226,1
548,139,135,121,185,1
991,364,393,401,793,1
986,208,203,214,411,1
500,155,153,123,269,1
3441,2449,538,363,496,1
602,161,113,93,211,1
406,104,101,102,196,1
432,124,124,160,325,1
222,45,43,36,112,1
281,32,33,33,59,1
163,29,32,21,53,1
246,65,64,86,155,1
1297,329,316,318,644,1
394,128,85,100,190,1
1705,480,394,363,618,1
17,10,8,3,10,1
997,337,294,322,625,1
85,20,16,21,39,1
195,67,71,72,209,1
15,3,2,1,6,1
1877,475,389,338,606,1
302,53,48,38,78,1
21,1,1,6,15,1
506,146,129,181,410,1
58,8,14,19,29,1
56,13,11,19,31,1
124,16,25,24,43,1
1507,407,409,444,819,1
81,12,20,23,46,1
103,26,23,27,46,1
101,29,26,32,60,1
295,70,56,81,170,1
8929,1749,1059,773,1222,1
334,94,75,46,103,1
76,16,17,8,31,1
195,45,37,52,94,1
321,60,64,64,115,1
13,5,4,4,24,1
43,9,11,12,21,1
36,17,12,11,19,1
1,0,3,4,15,1
936,173,173,133,277,1
1295,193,201,178,315,1
1013,186,205,202,316,1
46,5,16,8,23,1
4035,1064,919,794,1396,1
205,73,90,67,100,1
316,114,144,142,278,1
177,43,54,54,92,1
22,2,2,9,11,1
7,0,3,5,6,1
18,4,10,4,11,1
118,14,21,29,50,1
695,157,142,186,305,1
18,3,2,1,14,1
106,12,19,23,39,1
392,104,117,93,166,1
66,5,6,5,14,1
13,4,5,6,15,1
25,12,12,15,23,1
496,138,133,103,197,1
42,7,5,15,17,1
303,72,56,73,158,1
161,27,29,18,49,1
370,114,99,104,264,1
3,1,1,2,4,1
587,226,270,350,819,1
219,63,65,61,101,1
1481,260,226,232,374,1
11599,3656,3242,2674,4541,1
222,80,111,147,442,1
30208,4447,3379,1495,3480,1
13223,9819,10515,10113,18700,1
227,26,25,21,75,1
2411,345,390,400,893,1
22824,5826,4912,4051,6257,1
313,88,103,113,230,1
20,8,6,10,13,1
108,44,62,68,152,1
5396,1933,1927,1830,3349,1
4015,1504,1433,1414,2307,1
1915,431,443,433,797,1
2089,543,612,571,1069,1
73,15,10,9,13,1
127731,23555,21611,13773,28803,1
434,142,118,122,264,1
227,20,22,32,60,1
209891,34073,27993,17360,23116,1
166256,33819,25904,17458,27528,1
747,225,230,238,399,1
180173,10341,6019,3737,4516,1
398,151,127,162,270,1
38,5,6,10,19,1
607,227,107,192,293,1
631,235,252,265,514,1
0,0,0,0,0,1
0,0,0,0,0,1
2414,572,424,312,452,1
2995,796,825,744,1349,1
80462,9904,5034,2859,4531,1
2108,318,315,336,885,1
382,67,89,92,205,1
583,143,151,220,423,1
1266,518,420,357,615,1
2666,909,793,850,1754,1
615,222,172,130,260,1
997,565,576,614,1206,1
58500,8002,5207,4221,6209,1
53639,18428,12275,9595,12778,1
221888,59437,22712,13713,20608,1
12703,4337,4080,3560,5450,1
976,407,314,404,802,1
45,13,22,21,49,1
387,84,87,101,200,1
26,17,12,16,49,1
10220,2641,2369,1492,2768,1
28886,7045,4326,3496,4725,1
37850,7127,5590,4790,8043,1
1230,405,195,144,102,1
487,178,138,123,223,1
718,169,181,183,394,1
1244,363,415,349,594,1
10666,3498,2177,1328,1876,1
15013,4488,2953,1699,2165,1
36580,10815,7454,5518,7627,1
7,1,12,13,28,1
107975,26961,20476,13535,25506,1
453,60,61,57,85,1
266,41,52,65,154,1
119,26,26,22,61,1
4162,1256,1104,715,1431,1
412,134,126,110,225,1
3522,1197,954,802,1337,1
1151,445,303,266,471,1
334,47,47,57,108,1
3586,1050,893,926,1656,1
2246,555,572,574,985,1
2796,825,633,689,1101,1
3952,939,967,915,1779,1
2428,694,698,655,1398,1
29571,25074,2295,1439,2117,1
105,21,38,29,66,1
24654,7703,7232,6451,14734,1
28930,8148,7269,6298,12989,1
187,82,84,138,445,1
1112,366,426,423,895,1
852,292,278,288,437,1
1609,467,366,316,561,1
101045,16369,10251,8211,10966,1
25,5,11,11,15,1
3066,989,540,538,945,1
94985,26157,17828,10679,10659,1
18877,3556,1641,1523,1995,1
81,12,20,23,46,1
3865,1128,1275,812,1568,1
1598,424,383,345,650,1
0,0,0,0,0,1
7161,750,369,234,255,1
15,12,13,15,31,1
418,180,265,353,1101,1
165,39,48,62,150,1
34083,11131,9552,7642,15402,1
1631,414,450,422,857,1
12,4,4,10,34,1
769776,137807,70419,45311,58754,1
59,24,20,27,87,1
27641,6930,5422,4089,5993,1
418,180,265,353,1101,1
373,52,45,38,91,1
1632,461,351,479,1143,1
109,47,29,37,63,1
5753,4112,4140,3556,8716,1
1011,312,319,309,559,1
1107,1339,2116,2439,5946,1
6058,1795,2680,3969,14295,1
49126,27701,17527,15855,27744,1
4583,1393,1648,1918,4124,1
78,5,8,8,39,1
1,2,5,3,18,1
127,79,112,126,395,1
22034,8773,7929,6626,12762,1
16519,3414,3740,4502,9665,1
141106,31715,17198,10787,16790,1
6853,2697,4754,9153,21904,1
13025,6166,6640,7555,15439,1
81,14,15,15,31,1
259,91,129,248,765,1
17166,8717,6443,4999,9798,1
2524,1125,25394,2598,28984,1
678,110,112,80,172,1
75,50,98,169,786,1
222,628,1255,1473,7712,1
3685,8643,16829,23647,65649,1
489,161,276,713,10929,1
9608,9353,11067,8648,15317,1
7723,5953,8160,10087,24754,1
18964,10457,11575,10436,21029,1
1422,201,258,324,917,1
71893,22927,10385,6317,10497,1
3871,862,912,1061,2757,1
1160,751,943,1184,3155,1
117,50,59,87,330,1
21319,963,1010,1188,3224,1
2061,4750,8569,15392,45595,1
249,175,1321,2065,13417,1
633,300,509,1614,2319,1
25297,12906,8897,6082,9322,1
25297,12906,8897,6082,9322,1
23828,11985,5101,4946,10485,1
194803,343710,244102,193240,294166,1
250,180,206,309,840,1
54875,251721,60350,63614,86093,1
0,6,3,3,12,1
606,108,100,115,234,1
354,150,218,311,1114,1
871,653,946,1183,2722,1
3196,912,1177,1912,5284,1
276,91,101,112,218,1
805,381,420,448,1109,1
120,104,270,382,1370,1
3097,929,904,785,1457,1
220,53,47,48,74,1
2907,1168,1629,2443,9883,1
334,563,1496,1485,2594,1
0,0,559,1597,781,1
4837,2880,3538,3887,8832,1
607588,48,170,449,2316,1
0,2,0,1,3,1
201,31,32,38,128,1
130,23,36,43,128,1
412266,97524,78913,59405,81929,1
912,698,1302,1919,5812,1
190273,56320,246124,67084,73756,1
969,238,332,408,1065,1
45237,11227,9651,8390,15596,1
9133,1434,2424,2158,4996,1
52,21,32,47,128,1
0,0,0,0,38,1
1410,408,493,572,1633,1
1449,691,619,725,1905,1
0,0,1,0,1,1
9386,4979,876,308,490,1
13605,15021,11338,11127,16595,1
1717,269,287,363,757,1
96260,100789,119478,114200,186858,1
0,0,0,0,0,1
2454,10977,8574,2004,2679,1
3240,989,1381,2849,7112,1
16,6,13,20,73,1
0,1,0,0,0,1
12,5,15,138,2374,1
2231,1101,910,573,693,1
25494,9390,7814,6795,12806,1
2,0,1,2,13,1
211436,136272,144857,156219,384081,1
1901,439,500,624,1330,1
17,13,13,24,45,1
10,11,23,37,278,1
14968,196087,2759,2162,3160,1
3114,2203,3130,3518,7787,1
22,11,32,94,501,1
2571,932,1118,1442,3752,1
31714,21116,12749,8782,15459,1
1129,247,292,315,883,1
3430,1099,1301,1541,3746,1
38977,27259,27130,23424,43056,1
756,745,1282,2937,13505,1
4165877,2436320,1833202,1269033,2422668,1
249,86,134,309,3500,1
172,87,175,615,5188,1
14,7,11,23,78,1
47133,23735,15909,11885,15482,1
3040,659,480,310,423,1
7077,2761,2773,3421,9829,1
1283,356,432,431,953,1
40699,20744,25424,28327,56927,1
0,0,8433,4338,12654,1
106,42,43,50,141,1
56,11,26,21,80,1
581894,153649,92788,75045,101524,1
13,6,4,7,13,1
419,82,77,75,164,1
819,415,497,530,1016,1
861,359,361,271,749,1
413,214,315,391,998,1
13660,3322,2917,2626,5021,1
705,325,545,574,1861,1
49956,27218,32282,32369,69449,1
933,427,547,735,1785,1
3285,797,872,825,1683,1
40,7,8,15,46,1
2131,1432,2027,2491,6625,1
22210,6191,3343,2421,3559,1
1576,519,445,395,824,1
1711,482,587,719,1835,1
10,7,21,50,307,1
5615,3827,4689,4254,7088,1
34,11,8,8,13,1
117,49,96,101,487,1
16074,9961,12996,11535,28666,1
58287,12695,12747,9834,18323,1
9922,4958,4459,3853,6334,1
10110,4345,3721,3158,4691,1
0,0,0,0,1,1
7303,1938,1244,1566,2303,1
24285,7110,9065,10107,23081,1
3943,2312,1993,1585,2876,1
701,250,266,413,1311,1
185,58,56,66,138,1
1184,2286,2914,3560,8539,1
3152,2260,3728,5259,12311,1
95985,60796,53011,48511,87192,1
193,50,81,95,234,1
12353,4099,3674,2956,4339,1
2579,658,875,1132,2654,1
62667,34694,22884,15758,45550,1
770,298,334,438,1059,1
31226,11044,9318,7976,14166,1
541,150,224,274,986,1
19492,4063,3366,2900,4595,1
20786,8545,4548,2245,3468,1
130,23,36,43,128,1
17560,10559,16008,21289,45019,1
160,55,66,107,415,1
1,0,0,0,1,1
6595,10093,13757,15005,27832,1
2341,1137,1137,1210,2777,1
43,14,10,14,35,1
3240,1595,2319,3496,10624,1
71864,11512,11728,26188,18369,1
0,1,1,0,0,1
20925,15467,20223,24163,57366,1
3192,904,1291,1743,8364,1
9388,4893,6165,9658,21862,1
2184,508,484,651,1882,1
31246,46213,75248,103348,159858,1
376,170,233,280,793,1
728,267,651,1261,4121,1
723,757,1312,2242,7569,1
27,5,8,10,28,1
13766,14213,13798,11508,21245,1
172,87,175,615,5188,1
0,1,0,0,1,1
0,0,0,0,0,1
2,0,0,1,1,1
0,0,0,1,0,1
3147,982,1615,1680,4026,1
692,177,197,239,654,1
130,23,36,43,128,1
148,81,310,1621,3460,1
2950,11528,4579,2409,3461,1
25084,67255,66305,113100,489198,1
273672,85385,92821,98569,230629,1
0,0,2,0,2,1
10146,34875,36338,19078,38824,1
3366308,1372572,1644516,2356637,7003272,1
13217,6964,6479,7398,13891,1
128,18,13,16,34,1
9922,4958,4459,3853,6334,1
389,115,134,153,457,1
18468,3733,2817,2695,5163,1
5176,2634,3152,3507,13325,1
3200,928,1357,2214,8644,1
16020,8845,6924,3660,3324,1
6926,2650,3345,4204,10386,1
6926,2650,3345,4204,10386,1
10654,3680,2879,2207,3971,1
1934,539,575,608,1463,1
620,397,468,550,1426,1
620,397,468,550,1426,1
334,178,843,254,1901,1
2759,2104,2091,2236,4991,1
756,489,879,1432,4455,1
36000,11085,10754,8233,12498,1
2712,2973,4221,4545,8700,1
251,191,200,140,124,1
157,61,61,79,91,1
288,379,967,1956,3594,1
548,207,251,383,1326,1
55748,32949,24190,15566,24574,1
22,4,4,13,28,1
1696,1055,2423,5633,42938,1
514,339,1205,1221,5785,1
92704,38189,34045,29897,59885,1
1373,617,639,838,2332,1
3917,2762,2675,2660,5450,1
30,27,82,371,4462,1
34,15,25,30,112,1
395,102,155,165,492,1
2927,1396,2087,5525,15182,1
14853,4149,7061,7923,14553,1
166,41,43,44,96,1
6617,4879,6324,4503,6723,1
9873,5047,5365,5101,13380,1
12376,4816,3917,3262,5858,1
50,15,35,18,90,1
1056,706,977,970,3065,1
0,3,4,13,43,1
13353,4751,4980,4736,8902,1
652,107,161,175,304,1
535,121,92,104,249,1
4163,2572,1005,1094,1879,1
2030,475,485,518,903,1
269,36,50,53,151,1
5980,1063,992,953,1769,1
1662,316,422,465,902,1
1073,336,366,337,807,1
150,17,26,31,85,1
3,2,0,2,3,1
769,134,198,109,342,1
256,61,46,63,130,1
77,11,25,12,42,1
312,37,43,43,79,1
2012,365,450,419,854,1
461,123,162,209,515,1
1820,659,722,1016,1920,1
347,45,65,73,195,1
98,18,19,22,44,1
112,19,20,16,26,1
514,121,170,249,456,1
387,71,78,91,159,1
1106,130,170,154,367,1
2447,558,596,715,1361,1
66,14,12,15,23,1
1881,320,325,401,835,1
9087,2152,2614,3306,9640,1
69,8,9,9,24,1
817,162,202,180,395,1
174,44,54,57,115,1
112,24,30,29,68,1
211,37,46,42,126,1
252,36,38,40,143,1
749,82,114,101,226,1
280,78,73,89,178,1
414,64,57,79,154,1
44,13,10,8,21,1
464,53,71,76,125,1
34,5,11,6,14,1
254,56,39,61,103,1
456,70,57,66,126,1
1,0,0,0,0,1
300,37,52,57,99,1
1065,157,167,156,404,1
1281,186,188,218,475,1
273,35,32,35,78,1
366,47,55,61,106,1
2,0,0,4,1,1
21,0,3,3,7,1
573,104,84,109,223,1
172,39,37,58,104,1
418,87,93,85,167,1
585,77,114,148,336,1
469,69,109,205,478,1
4560,704,754,704,1601,1
1155,175,210,185,411,1
1481,515,752,878,1652,1
1713,338,338,344,1095,1
967,185,189,255,572,1
4124,622,631,702,1390,1
877,238,287,377,1130,1
350,55,51,84,178,1
1030,196,207,223,555,1
3225,1646,1963,1855,3367,1
654,680,2754,3558,4926,1
5101,1158,1178,1401,2992,1
413,61,61,58,184,1
215,34,26,22,69,1
1088,269,347,249,491,1
11,2,4,5,6,1
1481,515,752,878,1652,1
709,101,185,163,453,1
391,47,77,93,211,1
116,29,30,37,89,1
1039,110,98,104,248,1
2029,491,513,469,888,1
254546,244891,251866,277575,761977,1
114,88,164,400,3663,1
100467,80955,134696,195055,540646,1
477898,252166,269514,258776,567379,1
306,60,41,64,123,1
43,10,7,8,21,1
910,474,558,1262,4809,1
24,7,23,19,67,1
4350,1361,1140,1052,2242,1
286,88,84,124,290,1
9,1,4,8,18,1
19136,11071,10174,8659,12173,1
89431,63045,38264,13480,8229,1
905,183,154,196,339,1
182,49,62,100,254,1
50,15,29,35,162,1
2,0,0,0,2,1
3093,516,645,696,1689,1
75867,7250,3682,3143,7645,1
8279,2499,2351,2251,5055,1
25092,11442,9314,7514,11349,1
3901,3901,0,0,4499,1
51612,19906,13053,12636,26807,1
345,331,254,82,231,1
5448,4069,4233,4145,7927,1
417085,272077,147581,69951,64069,1
1313,1962,3527,3401,5977,1
821,235,274,443,1269,1
113261,60050,66537,70304,241274,1
679,804,1294,1270,2040,1
1147,559,506,652,3841,1
2571,549,571,560,1149,1
979,810,1470,1666,4090,1
343,82,86,92,259,1
1097,448,567,677,2083,1
486,110,109,143,380,1
251,40,44,64,136,1
501,62,34,57,121,1
2604,873,1373,1742,3748,1
1219,691,1065,1337,3906,1
1925,1263,1618,1739,3796,1
3813,2216,5192,9995,16193,1
9355,2296,2364,2576,5422,1
2,0,0,0,1,1
1182,431,597,641,2855,1
2779,2926,2677,2084,5346,1
1338,914,1305,1845,4957,1
3821,2501,6642,10412,36522,1
109,20,41,37,60,1
13214,5345,4065,3634,13882,1
17364,7018,4825,4367,9088,1
19,7,6,9,36,1
8944,2902,3403,3687,6944,1
7534,1821,2215,2591,5840,1
1250,853,3217,5279,10458,1
4520,8884,6092,5625,21221,1
1371,199,238,202,453,1
458,73,94,113,295,1
1407,209,251,301,723,1
837,166,177,212,721,1
4864,1297,800,981,2114,1
1301,142,122,151,315,1
1187,161,224,316,661,1
13,4,13,12,62,1
4489,941,1224,771,1634,1
6015,7299,6768,7502,12044,1
17,4,3,2,6,1
2392,693,1256,1179,3015,1
625,231,248,522,6207,1
4689,1979,2908,4046,13833,1
5110,1456,1282,1289,2773,1
1333,628,870,986,2153,1
5057,1467,2121,2899,9140,1
18,4,5,7,23,1
97,25,36,60,159,1
2437,413,475,602,1574,1
8996,3660,4876,5538,13381,1
655,153,173,218,612,1
3863,638,672,740,1759,1
13660,3322,2917,2626,5021,1
3017,4518,2103,1594,1985,1
20652,8406,10250,11524,22527,1
3488,1817,2713,3593,9273,1
18117,5565,5867,5560,10356,1
41767,19687,15274,10656,19993,1
386,138,137,162,378,1
3490,1788,2512,3551,10779,1
6782,1623,1812,2293,5322,1
856,620,1021,1090,2646,1
2389,709,886,891,1894,1
3616,783,973,1055,2444,1
353558,133491,98049,85548,159762,1
9601,6789,6132,4608,6750,1
2178,501,519,565,1291,1
1742,1469,2374,3340,10207,1
312,54,61,85,188,1
110809,28719,31946,34646,74735,1
1565,513,585,507,869,1
8749,3583,5895,8431,21954,1
1590,257,333,383,869,1
1360,888,1075,894,1598,1
6490,17543,14576,30260,24698,1
9114,41269,31256,31743,37915,1
15383,8362,4844,5128,10225,1
726,296,211,293,334,1
11265,4451,4468,6434,11958,1
1834,761,846,911,2167,1
2218,268,516,962,541,1
17316,9446,11051,10854,14230,1
120683,61577,43187,26003,37794,1
603,216,301,404,1636,1
7652,6985,5747,5046,12805,1
2578,877,1058,1340,3099,1
749,179,210,446,2938,1
47268,45847,26379,16176,45896,1
0,0,0,0,0,1
1864,1450,3061,6070,16690,1
8,3,3,4,8,1
994,710,1091,1523,4477,1
1374,286,367,422,1173,1
0,1,0,0,3,1
509,76,80,95,191,1
1528,301,4557,463,632,1
453,90,103,150,355,1
326,57,40,66,110,1
1325,200,214,263,582,1
217,44,59,74,149,1
843,379,483,550,1184,1
243,41,59,54,149,1
696,128,160,185,443,1
624,123,85,99,193,1
1702,302,355,366,791,1
976,169,231,232,589,1
36,6,9,3,24,1
1277,320,353,413,1089,1
1873,334,335,334,750,1
24,2,3,3,7,1
1046,96,109,103,242,1
85,8,21,14,37,1
55,11,11,16,31,1
1569,307,253,330,612,1
27,4,3,3,14,1
691,158,91,114,253,1
2862,449,461,524,1217,1
1947,494,594,791,5706,1
70,13,9,21,42,1
654,102,146,120,294,1
573,108,138,171,431,1
293,48,52,67,180,1
254,63,82,87,177,1
0,0,0,0,0,1
2677,597,395,403,647,1
1490,396,366,379,1044,1
19659,3935,2105,1562,2825,1
514,118,140,141,367,1
106,24,17,20,74,1
256,13,19,33,52,1
526,85,80,127,307,1
364,115,135,174,480,1
2300,379,348,357,841,1
288,40,51,51,139,1
418,87,93,85,167,1
1679,443,571,592,1367,1
2522,741,673,811,2037,1
464,148,184,225,554,1
1012,294,320,637,1298,1
1751,400,512,619,1632,1
1964,550,580,696,1536,1
2894,589,620,521,1496,1
1831,334,439,484,1251,1
1672,4618,484,244,590,1
433,84,99,114,267,1
506,105,109,141,283,1
714,103,136,232,423,1
18,6,5,4,5,1
888,182,224,265,674,1
2515,522,462,559,1157,1
466,97,106,105,234,1
885,299,466,558,1855,1
1006,273,389,424,1099,1
602,78,104,86,231,1
6735,1804,1496,1699,3021,1
1127,186,250,218,561,1
2286,867,1167,546,398,1
516,53,46,55,124,1
1107,324,345,438,1091,1
3001,471,482,505,1131,1
440,65,74,91,191,1
702,120,106,148,323,1
828,140,164,205,567,1
904,297,289,398,884,1
359,69,90,106,284,1
1365,255,260,266,614,1
542,125,179,190,770,1
29,10,9,8,35,1
555,127,144,183,414,1
323,79,77,105,224,1
1091,203,193,254,661,1
438,96,82,84,228,1
2953,1610,1260,797,1095,1
1459,327,297,251,434,1
650,153,198,220,598,1
1979,481,495,596,1336,1
1675,523,518,564,1232,1
586,195,224,295,958,1
1184,194,231,237,595,1
1113,196,223,218,511,1
1016,271,317,396,925,1
3664,1214,905,1018,1704,1
1967,507,701,760,1755,1
1726,271,263,273,560,1
691,125,151,177,470,1
42,8,8,7,25,1
516,117,122,207,539,1
1767,376,323,329,671,1
5362,2262,2662,2027,2553,1
2435,2311,1823,1755,2394,1
1417,618,932,1339,5014,1
4647,2201,1754,1824,4061,1
2393,749,702,882,1947,1
1354,147,153,181,404,1
7,2,4,3,6,1
368,57,52,61,158,1
2384,662,667,640,1142,1
1358,267,312,354,825,1
2704,506,567,559,1152,1
2397,351,488,419,1097,1
1273,188,216,166,462,1
26,3,3,4,26,1
1199,242,268,310,777,1
25,6,6,2,6,1
630,92,117,114,243,1
1164,198,194,218,495,1
460,572,517,159,608,1
3087,318,366,401,838,1
2967,1509,676,559,1103,1
2470,667,569,630,1435,1
4370,1622,1092,921,1106,1
212,35,41,31,123,1
206,24,33,49,84,1
230,27,31,47,105,1
2091,323,349,406,789,1
1402,312,360,393,759,1
312,78,78,112,321,1
1365,201,214,255,565,1
576,123,162,209,576,1
428,89,67,96,172,1
163,39,59,62,148,1
9685,2990,3860,5080,11887,1
450,114,168,125,374,1
7089,1198,1155,1129,2070,1
743,139,156,163,367,1
1734,385,444,461,1156,1
222,56,52,62,176,1
1692,323,344,393,832,1
1430,287,330,442,1058,1
3123,675,766,775,1499,1
335,99,117,164,405,1
68,14,12,12,44,1
44,11,9,11,25,1
294,22,28,35,68,1
4419,1103,1168,1301,2472,1
0,0,0,0,0,1
1365,255,260,266,614,1
1068,303,499,724,3854,1
3812,2972,2099,1621,2087,1
19,2,0,0,4,1
1094,298,233,324,609,1
2434,971,662,366,446,1
1801,497,374,499,1008,1
209,64,70,88,320,1
1113,182,214,198,445,1
452,73,66,94,203,1
829,186,254,229,508,1
874,431,272,625,4917,1
1005,257,299,310,721,1
436,64,67,90,267,1
119,31,29,19,62,1
152,32,42,54,118,1
5094,1742,2477,2784,5990,1
3555,588,612,635,1457,1
7709,4291,3502,3237,5364,1
1259,275,337,340,1083,1
1382,285,364,423,1179,1
288,63,66,60,162,1
248,64,61,69,165,1
2857,1244,2358,2407,4193,1
209,29,58,44,87,1
3581,886,982,1040,2993,1
45,24,20,30,64,1
1756,587,857,723,1387,1
680,118,153,170,501,1
51,11,15,21,30,1
2426,391,435,485,1048,1
430,92,86,96,260,1
227,35,32,44,121,1
228,40,44,37,88,1
1476,313,371,414,868,1
860,166,194,244,629,1
234,29,29,36,82,1
1868,325,362,438,946,1
2686,442,527,584,1535,1
14,3,2,2,7,1
3,0,1,1,0,1
325,46,56,72,136,1
1348,270,257,297,695,1
1729,253,256,258,564,1
331,68,61,72,161,1
265,45,58,71,150,1
624,102,139,155,404,1
686,116,109,162,242,1
3098,630,551,543,1200,1
19,5,4,3,9,1
3154,576,663,654,1206,1
514,67,78,121,261,1
2114,756,883,873,2009,1
45,10,11,13,31,1
442,92,109,108,294,1
456,229,153,131,406,1
885,122,129,169,341,1
233,52,69,72,242,1
15,4,3,4,12,1
1999,335,370,387,890,1
575,57,41,58,138,1
715,142,146,190,555,1
352,57,65,90,240,1
168,48,72,131,375,1
305,61,69,64,154,1
59,12,9,20,55,1
744,111,132,135,419,1
98,15,13,28,52,1
842,175,222,245,583,1
127,18,16,15,39,1
1254,336,375,469,1232,1
716,162,148,171,424,1
424,135,233,451,999,1
290,112,88,148,484,1
2884,539,455,532,1118,1
1351,288,300,338,788,1
930,440,965,1083,2962,1
147,21,26,31,94,1
1220,245,300,287,683,1
1398,207,229,261,548,1
531,74,83,105,277,1
499,137,194,229,629,1
1223,269,334,364,957,1
144,16,25,31,80,1
3789,1113,1125,1057,1746,1
277,106,79,57,136,1
94,14,14,22,56,1
101,12,19,29,54,1
1139,164,159,199,431,1
179,42,42,36,112,1
61,29,20,15,51,1
2981,480,606,613,1563,1
267,108,118,155,352,1
83,19,11,22,55,1
1461,318,349,442,1082,1
42,6,13,9,36,1
2023,428,513,499,1211,1
152,23,24,25,62,1
115,18,17,15,34,1
186,64,88,127,497,1
176,41,29,45,78,1
336,117,103,78,219,1
421,95,129,118,303,1
1833,441,559,571,1184,1
773,110,132,159,369,1
2354,763,588,580,1289,1
0,0,0,0,0,1
1399,194,196,220,413,1
359,84,76,88,271,1
554,174,195,242,581,1
236,31,41,37,89,1
636,194,324,545,1307,1
5034,1400,1276,1267,2329,1
938,138,162,161,396,1
1666,267,279,295,807,1
1862,340,332,349,821,1
69,10,9,12,32,1
914,207,219,289,774,1
2014,1253,891,679,1209,1
2645,382,394,438,936,1
1112,155,137,190,457,1
2029,606,708,671,1375,1
529,123,127,159,394,1
200,25,22,42,100,1
508,99,101,124,293,1
46,5,9,3,19,1
786,293,441,572,2073,1
705,135,118,142,334,1
6429,1695,1592,1237,2535,1
212,61,52,62,197,1
1699,392,410,394,1105,1
1180,230,252,303,706,1
1237,204,232,263,556,1
3279,898,1050,1235,3096,1
248,54,70,77,189,1
10460,3710,2759,2300,3772,1
2379,326,367,423,923,1
351,73,84,86,218,1
3408,803,901,933,1873,1
742,116,115,131,318,1
44,31,42,45,256,1
1027,212,206,226,629,1
37,6,5,5,13,1
158,24,33,44,163,1
388,51,40,56,107,1
719,178,171,150,366,1
1223,410,483,566,927,1
152,27,35,44,98,1
4975,888,1094,1337,3219,1
677,131,131,136,308,1
712,103,115,101,266,1
148,27,29,19,59,1
2,0,0,1,2,1
1462,319,309,370,751,1
6,1,4,3,4,1
632,129,149,153,405,1
24,5,3,5,11,1
58,13,7,7,27,1
417,117,93,104,294,1
8402,3347,3261,2352,3278,1
482,48,51,44,108,1
2826,408,493,504,1124,1
136,55,89,117,342,1
386,68,67,57,137,1
389,111,134,141,374,1
587,73,54,81,148,1
19,2,1,5,14,1
303,52,53,62,161,1
1513,339,385,411,879,1
1823,338,380,376,684,1
1041,182,165,189,489,1
354,41,50,57,131,1
16,5,3,7,17,1
165,21,27,28,87,1
1327,311,312,330,713,1
97,21,23,28,73,1
843,150,188,192,532,1
778,145,205,201,592,1
957,145,155,159,371,1
1798,266,284,308,690,1
6,3,3,1,6,1
97,28,13,26,61,1
0,0,0,0,0,1
98,38,50,58,187,1
269,21,27,28,45,1
2418,414,467,538,1127,1
111,10,13,23,41,1
1885,200,176,207,409,1
408,121,128,127,288,1
571,136,147,170,395,1
230,26,17,30,48,1
3706,10033,750,750,1854,1
2350,9931,489,462,959,1
491,218,131,95,203,1
163,29,33,23,82,1
1576,311,295,305,713,1
12,3,7,17,331,1
246,75,90,84,227,1
2288,368,425,420,703,1
16,2,4,5,11,1
912,160,194,205,571,1
1795,546,706,745,1674,1
2377,532,389,354,725,1
0,0,0,0,0,1
3240,1595,2319,3496,10624,1
948,235,291,335,758,1
996,147,182,180,453,1
68,10,11,15,30,1
808,170,207,258,607,1
1465,591,575,740,2591,1
503,147,170,174,564,1
388,70,85,96,208,1
1122,274,256,215,526,1
160,17,21,17,43,1
1044,202,284,410,1241,1
10894,3435,6436,14229,44211,1
746,179,232,239,606,1
2642,547,441,408,897,1
210,43,38,42,99,1
830,348,564,924,2586,1
4854,902,912,986,2136,1
79,14,29,32,60,1
934,134,120,151,332,1
1090,198,199,272,693,1
187,32,38,57,122,1
1855,369,425,516,1594,1
19,7,5,10,67,1
2181,526,518,468,947,1
451,88,92,83,243,1
3465,437,483,529,1114,1
1603,258,326,347,779,1
362,44,36,64,148,1
245,47,54,79,175,1
88,10,18,26,68,1
1915,1240,732,821,1235,1
47,10,9,11,13,1
6445,3141,2372,1468,2033,1
1075,798,714,899,2262,1
1460,469,393,484,832,1
901,222,214,263,553,1
66,25,25,30,69,1
1773,843,844,731,1295,1
3194,707,373,317,445,1
717,63,112,124,215,1
366,101,136,175,275,1
158,24,35,35,94,1
259,23,20,20,69,1
1268,292,284,340,645,1
2162,686,809,1092,3034,1
234,31,37,65,140,1
115,25,26,24,72,1
131,27,31,27,85,1
814,121,126,124,306,1
728,138,137,125,260,1
69,8,9,9,24,1
123,10,19,16,30,1
987,167,159,153,295,1
366,59,43,59,119,1
107,22,19,18,45,1
1223,366,423,427,875,1
1168,93,150,140,208,1
361,47,44,60,169,1
982,160,165,179,366,1
319,71,62,71,146,1
651,77,92,94,217,1
418,66,92,78,192,1
2668,725,732,807,1921,1
141,25,20,29,70,1
2126,1316,1296,924,1815,1
748,210,284,409,733,1
1449,364,444,480,1085,1
143,45,44,61,323,1
658,269,303,400,740,1
980,132,139,184,520,1
1179,286,408,448,924,1
1203,242,253,264,548,1
3709,495,513,478,1194,1
1338,386,372,377,759,1
20,4,3,0,7,1
1224,240,290,365,791,1
378,93,104,127,320,1
269,81,88,64,158,1
3313,1497,2047,3072,11737,1
68,14,26,26,61,1
936,277,258,371,1627,1
1183,236,236,272,523,1
196,36,40,56,95,1
1985,672,1150,1342,3225,1
721,294,343,612,1173,1
2232,586,476,435,870,1
1476,279,366,466,1094,1
750,206,191,230,532,1
428,41,58,70,118,1
6585,7684,12200,13412,32523,1
463,90,97,91,185,1
2000,514,698,786,1955,1
52,13,13,18,50,1
176,16,42,47,100,1
290,112,88,148,484,1
168,48,72,131,375,1
0,0,0,0,0,1
359,69,90,106,284,1
128,27,57,64,167,1
423,72,79,86,166,1
2700,4556,5238,6425,16675,1
59,12,9,20,55,1
865,120,139,149,382,1
931,131,184,175,391,1
3789,1113,1125,1057,1746,1
94,14,14,22,56,1
147,21,26,31,94,1
981,1307,2243,2985,4961,1
4,5,6,13,79,1
40711,15265,15145,14420,27575,1
15623,304541,3819,2810,2758,1
168252,102401,89672,63520,70929,1
16418,5174,9679,7880,18084,1
1987,341,459,613,1725,1
14828,4677,7034,6964,14829,1
14555,4548,6225,5873,12369,1
7141,4620,3915,2342,2046,1
77,20,23,30,79,1
1446,2730,4157,5042,12660,1
22,4,2,7,13,1
10904,8637,11028,10632,18684,1
5714,3365,1845,1055,1608,1
3269,519,551,384,581,1
510,232,307,348,958,1
26495,13226,12864,8774,10099,1
7,6,20,32,161,1
15598,5957,3264,1612,3188,1
1821,604,1071,1738,8420,1
81614,17521,22621,29102,67893,1
61884,10634,8408,6989,12370,1
596916,15873,14850,2591,1944,1
688,158,171,180,484,1
437,54,71,80,177,1
3269,519,551,384,581,1
354,41,50,57,131,1
2098,757,799,725,1343,1
1221,724,697,709,1740,1
11763,4247,1227,520,742,1
1248,1088,1826,2590,4987,1
41197,13901,10985,9091,17514,1
4500,1639,2086,2486,5806,1
62,8,18,24,71,1
31072,9330,3238,2422,4541,1
2028,1298,1290,1271,2805,1
165040,77231,31807,29735,47635,1
77,16,9,8,14,1
712089,249916,187693,140774,245832,1
59202,138879,162490,150674,409279,1
278637,516244,881220,991075,1844002,1
4636,2378,2295,2006,3589,1
127631,245687,186971,214784,434714,1
233141,62655,48787,34189,56993,1
442,101,105,160,568,1
18248,304735,4627,5166,12523,1
34991,280513,107449,52357,62126,1
6140,1784,1803,2389,5364,1
23,29,71,120,559,1
5,4,6,14,39,1
1373,495,541,483,981,1
64,4,6,6,28,1
75,35,106,101,822,1
613,335,673,1056,1831,1
55694,28395,25691,18522,22230,1
7431,1999,2286,2509,6046,1
432,131,83,47,44,1
51,4,4,0,9,1
5299,1874,1906,1663,2327,1
289,56,79,74,209,1
8659,5655,6458,5563,14735,1
1561,390,416,601,2745,1
7898,4646,3784,2761,3223,1
306,105,175,284,1453,1
9039,13490,25652,24723,28673,1
14551,5986,4728,4702,9474,1
0,1,100,4183,84606,1
26323,53881,93060,102288,235070,1
6518,3420,4254,4464,8620,1
81,27,29,52,142,1
28,10,11,15,48,1
1184,2286,2914,3560,8539,1
20209,5665,12398,5465,19643,1
20057,9188,8439,7044,12541,1
2011,220,240,303,574,1
2927,1396,2087,5525,15182,1
0,0,0,0,2,1
371,143,143,138,310,1
409,84,126,184,627,1
4353,2275,3635,5201,18765,1
1554,455,655,709,1940,1
0,0,0,0,0,1
2606,645,772,949,2615,1
223,134,362,4421,203102,1
223,134,362,4421,203102,1
1864,1450,3061,6070,16690,1
658,174,203,206,555,1
150,103,143,204,524,1
496,290,372,488,1360,1
206,4125,4415,4694,5194,1
143,190,1173,4604,6107,1
93,35,46,42,185,1
12216,8103,6259,4615,7462,1
7303,1938,1244,1566,2303,1
446,124,168,175,804,1
6902,11186,13861,17790,44287,1
57,0,3,0,0,1
527401,2918555,1206414,1135588,4847967,1
18723,4747,0,2774,9794,1
31754,9378,7715,6578,10973,1
0,1,2,4,19,1
42812,11478,10405,9572,17317,1
113058,42551,72995,171129,790172,1
8125,3137,11077,14028,25545,1
882,164,182,251,879,1
490,94,107,141,379,1
1484,536,759,904,4167,1
2516,1000,1631,3192,11603,1
18285,303586,3932,3497,5526,1
6951,2011,1403,1354,3093,1
1615,191,197,176,466,1
608,142,119,161,323,1
945,207,223,241,581,1
199,37,44,47,95,1
136,43,50,37,86,1
1806,1002,1272,1432,3258,1
366,204,285,424,1096,1
1716,1057,1571,2255,5934,1
3018,12165,45117,116516,199441,1
18197,304890,5950,7365,16518,1
3366,1328,2108,2449,5299,1
1874,516,834,1356,3849,1
2201,448,607,687,1529,1
11257,17658,31407,22728,56231,1
9469,2755,3081,3932,9092,1
4607,3361,10353,14456,52312,1
4261,4693,17433,19924,29278,1
2176,1355,1981,2867,7712,1
3991,3955,4147,3130,7616,1
2231,1241,1684,1818,3630,1
4001,5311,4918,4779,8494,1
747,238,236,206,556,1
680,76,74,79,158,1
921,161,126,146,328,1
3395,445,394,424,1024,1
261,84,101,117,409,1
851,140,130,110,272,1
5883,1262,1247,1334,2859,1
5511,1259,1530,1079,2543,1
1956,670,922,1322,3836,1
7758,5790,4369,4682,8787,1
2630,336,312,337,821,1
1462,277,322,355,1000,1
93931,61876,81484,97783,275818,1
75894,36045,72663,77272,208123,1
2563,943,1456,1955,4828,1
2858763,1305220,1005000,852890,1381094,1
16317,4198,3608,4108,11339,1
2858763,1305220,1005000,852890,1381094,1
18328,8682,5853,5052,20440,1
6964,2311,1882,1672,4135,1
1079,350,576,1000,3778,1
0,0,0,4911,3465,1
562,158,186,253,736,1
4619,831,861,896,2424,1
2800,556,609,734,1977,1
15432,5226,4629,3841,7486,1
15432,5226,4629,3841,7486,1
1765,695,914,1125,3272,1
3239,854,894,869,2057,1
3530,865,822,902,1602,1
448,102,121,157,346,1
25805,13762,16965,16206,36124,1
